Indicator, Year, Community_area, Community_value, Provincial_value
Total visible minority population (All Ages),2016,Census subdivision,51.6%,30.3%,
New immigrant population (All Ages),2016,Census subdivision,6.0%,3.8%,
Aboriginal population (All Ages),2016,Census subdivision,2.2%,5.9%,
High school diploma or higher education (15+ years),2016,Census subdivision,87.4%,84.5%,
Average household income (All ages),2016,Census subdivision,$93947,$90354,
Unemployment rate (15+ years),2016,Census subdivision,5.6%,6.7%,
Owner households spending 30% or more of household income on shelter (All Ages),2016,Census subdivision,27.8%,20.7%,
Tenant-occupied households spending 30% or more of household income on shelter (All Ages),2016,Census subdivision,44.3%,43.3%,
Population walk to work (15+ years),2016,Census subdivision,13.7%,6.8%,
Population bike to work (15+ years),2016,Census subdivision,6.1%,2.5%,
Population use public transit to work (15+ years),2016,Census subdivision,29.7%,13.1%,
Population drive car to work (15+ years),2016,Census subdivision,49.0%,76.0%,
Population aged 15+ years with University degree,2016,Census subdivision,40.0%,24.6%,
Population aged 15+ years with College diploma,2016,Census subdivision,14.9%,18.1%,
Population aged 15+ years with trade certificate,2016,Census subdivision,4.8%,8.8%,
Population aged 15+ years with some post-secondary,2016,Census subdivision,3.5%,3.6%,
Population aged 15+ years with high school diploma,2016,Census subdivision,24.2%,29.4%,
Population aged 15+ years with no diploma,2016,Census subdivision,12.6%,15.5%,
Vulnerability in early childhood - communication (Kindergarten),2013-2016,Health service delivery area,20%,20%,
Vulnerability in early childhood - emotional (Kindergarten),2013-2016,Health service delivery area,15%,15%,
Vulnerability in early childhood - cognitive (Kindergarten),2013-2016,Health service delivery area,9%,9%,
Vulnerability in early childhood - physical (Kindergarten),2013-2016,Health service delivery area,14%,14%,
Vulnerability in early childhood - social (Kindergarten),2013-2016,Health service delivery area,17%,17%,
Vulnerability in early childhood - one or more areas (Kindergarten),2013-2016,Health service delivery area,36%,36%,
Students eating 5 servings or more of fruits or vegetables in the past 24 hours (Grade 3/4),2015-2016,Health service delivery area,51%,51%,
Students eating 5 servings or more of fruits or vegetables in the past 24 hours (Grade 7),2015-2016,Health service delivery area,49%,46%,
Students eating 5 servings or more of fruits or vegetables in the past 24 hours (Grade 10),2015-2016,Health service delivery area,44%,43%,
Students eating 5 servings or more of fruits or vegetables in the past 24 hours (Grade 12),2015-2016,Health service delivery area,34%,42%,
Students exercised 2.5 hours or more in the last week (Grade 3/4),2016-2017,Health service delivery area,36%,38%,
Students exercised 2.5 hours or more in the last week (Grade 7),2016-2017,Health service delivery area,52%,55%,
Students exercised 2.5 hours or more in the last week (Grade 10),2016-2017,Health service delivery area,39%,54%,
Students exercised 2.5 hours or more in the last week (Grade 12),2016-2017,Health service delivery area,42%,48%,
Students do not use tobacco or nicotine (Grade 7),2016-2017,Health service delivery area,98%,95%,
Students do not use tobacco or nicotine (Grade 10),2016-2017,Health service delivery area,87%,78%,
Students do not use tobacco or nicotine (Grade 12),2016-2017,Health service delivery area,86%,72%,
Life expectancy in years - males (All ages),2011-2015,Health service delivery area,81.8,80.6,
Life expectancy in years - females (All ages),2011-2015,Health service delivery area,86.5,84.6,
Life expectancy in years - total (All ages),2011-2015,Health service delivery area,84.2,82.6,
Potential years of life lost index - smoking-attributable deaths (35 to under 75 years),2011-2015,Health service delivery area,0.85,1,
Potential years of life lost index - drug-induced deaths (Age under 75 years),2011-2015,Health service delivery area,1.09,1,
Potential years of life lost index - alcohol-related deaths (Age under 75 years),2011-2015,Health service delivery area,0.82,1,
Potential years of life lost - accidental falls (Age under 75 years),2011-2015,Health service delivery area,0.7,1,
Potential years of life lost - motor vehicle accidents (Age under 75 years),2011-2015,Health service delivery area,0.25,1,
Infant mortality rate per 1000 live births (<1 year),2011-2015,Health service delivery area,3,4,
Low birth rate per 1000 live births (<1 year),2011-2015,Health service delivery area,61,58,
Asthma age-standardized prevalence rate per 100 population (5-54 yrs),2015,Health service delivery area,10.9,12.1,
Chronic obstructive pulmonary disease (COPD) age-standardized prevalence rate per 100 population (45+ yrs),2015,Health service delivery area,5.1,6.2,
Diabetes age-standardized prevalence rate per 100 population (1+ yrs),2015,Health service delivery area,8,8,
Heart failure age-standardized prevalence rate per 100 population (1+ yrs),2015,Health service delivery area,1.8,2,
Hypertension age-standardized prevalence rate per 100 population (20+ yrs),2015,Health service delivery area,21.4,22.8,
Asthma age-standardized incidence rate per 1000 population (5-54 yrs),2015,Health service delivery area,5.5,6,
Chronic obstructive pulmonary disease (COPD) age-standardized incidence rate per 1000 population (45+ yrs),2015,Health service delivery area,5.6,7.6,
Diabetes age-standardized incidence rate per 1000 population (1+ yrs),2015,Health service delivery area,5.6,6.1,
Heart failure age-standardized incidence rate per 1000 population (1+ yrs),2015,Health service delivery area,3,3.2,
Hypertension age-standardized incidence rate per 1000 population (20+ yrs),2015,Health service delivery area,16.5,19.8,
Number of general practitioners per 100 000 population (All ages),2009-2010,Health service delivery area,136,112,
Number of specialists per 100 000 population (All ages),2009-2010,Health service delivery area,235,94,
Number of supplementary practitioners per 100 000 population (All ages),2009-2010,Health service delivery area,176,133,
Consumption of alcohol per capita (number of standard drinks per day),2016,Health service delivery area,1.4,1.5,
Injury hospitalization count (All ages),2006-2011,Health service delivery area,48204,468774,
All-cause cancer incident cases (all ages),2008-2012,Health service delivery area,null,114861,
Depression incident counts (1+ yrs),2015,Health service delivery area,6632,49351,
Asthma incident counts (5-54 yrs),2015,Health service delivery area,3259,25518,
Chronic obstructive pulmonary disease (COPD) incident counts (45+ yrs),2015,Health service delivery area,1606,16818,
Hypertension incident counts (20+ yrs),2015,Health service delivery area,5108,46146,
Heart Failure incident counts (1+ yrs),2015,Health service delivery area,1990,16236,
Diabetes incident counts (1+ yrs),2015,Health service delivery area,3294,26897,
Downloaded from http://communityhealth.phsa.ca/HealthProfiles/HealthReport/Vancouver - Aggregate on 7/25/2023
